-- phpMyAdmin SQL Dump
-- version 4.9.4
-- https://www.phpmyadmin.net/
--
-- Host: localhost:3306
-- Generation Time: Jan 04, 2021 at 09:06 AM
-- Server version: 10.3.27-MariaDB-log-cll-lve
-- PHP Version: 7.3.6

SET SQL_MODE = "NO_AUTO_VALUE_ON_ZERO";
SET AUTOCOMMIT = 0;
START TRANSACTION;
SET time_zone = "+00:00";


/*!40101 SET @OLD_CHARACTER_SET_CLIENT=@@CHARACTER_SET_CLIENT */;
/*!40101 SET @OLD_CHARACTER_SET_RESULTS=@@CHARACTER_SET_RESULTS */;
/*!40101 SET @OLD_COLLATION_CONNECTION=@@COLLATION_CONNECTION */;
/*!40101 SET NAMES utf8mb4 */;

--
-- Database: `najdlkuq_rentvillas`
--

-- --------------------------------------------------------

--
-- Table structure for table `Amenities`
--

CREATE TABLE `Amenities` (
  `Amenity_ID` smallint(6) NOT NULL,
  `Amenity_Name` varchar(50) COLLATE utf8mb4_unicode_ci DEFAULT NULL
) ENGINE=InnoDB DEFAULT CHARSET=utf8mb4 COLLATE=utf8mb4_unicode_ci;

--
-- Dumping data for table `Amenities`
--

INSERT INTO `Amenities` (`Amenity_ID`, `Amenity_Name`) VALUES
(1, 'Wi-Fi'),
(2, 'Paid Parking'),
(3, 'Microwave'),
(4, 'Smoking allowed'),
(5, 'Stove'),
(6, 'Iron'),
(7, 'Hairdryer'),
(8, 'TV'),
(9, 'Balcony'),
(10, 'Silverware'),
(11, 'Oven'),
(12, 'Washing Machine'),
(13, 'Pets');

-- --------------------------------------------------------

--
-- Table structure for table `Availability`
--

CREATE TABLE `Availability` (
  `Prop_ID` smallint(6) NOT NULL,
  `Year` smallint(6) NOT NULL,
  `Availability_String` longtext COLLATE utf8mb4_unicode_ci DEFAULT NULL
) ENGINE=InnoDB DEFAULT CHARSET=utf8mb4 COLLATE=utf8mb4_unicode_ci;

--
-- Dumping data for table `Availability`
--

INSERT INTO `Availability` (`Prop_ID`, `Year`, `Availability_String`) VALUES
(0, 2019, '1111111111111111111111111111111111111111111111111111111111111111111111111111111111111111111111111111111111111111111111111111111111111111111111111111111111111111111111111111111111111111111111111111111111111111111111111111111111111111111111111111111111111111111111111111111111111111111111111111111111111111111111111111111111111111111100000000000000000000000000000000000'),
(1, 2019, '1111111111111111111111111111111111111111111111111111111111111111111111111111111111111111111111111111111111111111111111111111111111111111111111111111111111111111111111111111111111111111111111111111111111111111111111111111111111111111111111111111111111111111111111111111111111111111111111111111111111111111111111111111111111111111111100000000000000000000000000000000000'),
(1, 2020, '0000000000000000000000000000000000000000000000000000000000000000000000000000000000000000000000000000000000000000000000000000000000000000000000000000000000000000000000000000000000000000000000000000000000000000000000000000000000000000000000000000000000000000000000000000000000000000000000000000000000000000000000000000000000000000000000000000000000000000000000000000000'),
(2, 2019, '1111111111111111111111111111111111111111111111111111111111111111111111111111111111111111111111111111111111111111111111111111111111111111111111111111111111111111111111111111111111111111111111111111111111111111111111111111111111111111111111111111111111111111111111111111111111111111111111111111111111111111111111111111111111111111111100000000000000000000000000000000000'),
(2, 2020, '0000000000000000000000000000000000000000000000000000000000000000000000000000000000000000000000000000000000000000000000000000000000000000000000000000000000000000000000000000000000000000000000000000000000000000000000000000000000000000000000000000000000000000000000000000000000000000000000000000000000000000000000000000000000000000000000000000000000000000000000000000000'),
(3, 2019, '1111111111111111111111111111111111111111111111111111111111111111111111111111111111111111111111111111111111111111111111111111111111111111111111111111111111111111111111111111111111111111111111111111111111111111111111111111111111111111111111111111111111111111111111111111111111111111111111111111111111111111111111111111111111111111111100000000000000000000000000000000000'),
(3, 2020, '0000000000000000000000000000000000000000000000000000000000000000000000000000000000000000000000000000000000000000000000000000000000000000000000000000000000000000000000000000000000000000000000000000000000000000000000000000000000000000000000000000000000000000000000000000000000000000000000000000000000000000000000000000000000000000000000000000000000000000000000000000000'),
(4, 2019, '1111111111111111111111111111111111111111111111111111111111111111111111111111111111111111111111111111111111111111111111111111111111111111111111111111111111111111111111111111111111111111111111111111111111111111111111111111111111111111111111111111111111111111111111111111111111111111111111111111111111111111111111111111111111111111111100000000000000000000000000000000000'),
(4, 2020, '0000000000000000000000000000000000000000000000000000000000000000000000000000000000000000000000000000000000000000000000000000000000000000000000000000000000000000000000000000000000000000000000000000000000000000000000000000000000000000000000000000000000000000000000000000000000000000000000000000000000000000000000000000000000000000000000000000000000000000000000000000000'),
(8, 2019, '1111111111111111111111111111111111111111111111111111111111111111111111111111111111111111111111111111111111111111111111111111111111111111111111111111111111111111111111111111111111111111111111111111111111111111111111111111111111111111111111111111111111111111111111111111111111111111111111111111111111111111111111111111111111111111111100000000000000000000000000000000000'),
(8, 2020, '0000000000000000000000000000000000000000000000000000000000000000000000000000000000000000000000000000000000000000000000000000000000000000000000000000000000000000000000000000000000000000000000000000000000000000000000000000000000000000000000000000000000000000000000000000000000000000000000000000000000000000000000000000000000000000000000000000000000000000000000000000000'),
(9, 2019, '1111111111111111111111111111111111111111111111111111111111111111111111111111111111111111111111111111111111111111111111111111111111111111111111111111111111111111111111111111111111111111111111111111111111111111111111111111111111111111111111111111111111111111111111111111111111111111111111111111111111111111111111111111111111111111111100000000000000000000000000000000000'),
(9, 2020, '0000000000000000000000000000000000000000000000000000000000000000000000000000000000000000000000000000000000000000000000000000000000000000000000000000000000000000000000000000000000000000000000000000000000000000000000000000000000000000000000000000000000000000000000000000000000000000000000000000000000000000000000000000000000000000000000000000000000000000000000000000000'),
(10, 2019, '1111111111111111111111111111111111111111111111111111111111111111111111111111111111111111111111111111111111111111111111111111111111111111111111111111111111111111111111111111111111111111111111111111111111111111111111111111111111111111111111111111111111111111111111111111111111111111111111111111111111111111111111111111111111111111111100000000000000000000000000000000000'),
(10, 2020, '0000000000000000000000000000000000000000000000000000000000000000000000000000000000000000000000000000000000000000000000000000000000000000000000000000000000000000000000000000000000000000000000000000000000000000000000000000000000000000000000000000000000000000000000000000000000000000000000000000000000000000000000000000000000000000000000000000000000000000000000000000000'),
(11, 2019, '1111111111111111111111111111111111111111111111111111111111111111111111111111111111111111111111111111111111111111111111111111111111111111111111111111111111111111111111111111111111111111111111111111111111111111111111111111111111111111111111111111111111111111111111111111111111111111111111111111111111111111111111111111111111111111111100000000000000000000000000000000000'),
(11, 2020, '0000000000000000000000000000000000000000000000000000000000000000000000000000000000000000000000000000000000000000000000000000000000000000000000000000000000000000000000000000000000000000000000000000000000000000000000000000000000000000000000000000000000000000000000000000000000000000000000000000000000000000000000000000000000000000000000000000000000000000000000000000000');

-- --------------------------------------------------------

--
-- Table structure for table `Bookings`
--

CREATE TABLE `Bookings` (
  `Person_ID` smallint(6) NOT NULL,
  `Prop_ID` smallint(6) NOT NULL,
  `From_Date` varchar(10) CHARACTER SET utf8 DEFAULT NULL,
  `To_Date` varchar(10) CHARACTER SET utf8 DEFAULT NULL,
  `Price` smallint(6) DEFAULT NULL,
  `Timestamp` datetime DEFAULT current_timestamp()
) ENGINE=InnoDB DEFAULT CHARSET=utf8mb4 COLLATE=utf8mb4_unicode_ci;

--
-- Dumping data for table `Bookings`
--

INSERT INTO `Bookings` (`Person_ID`, `Prop_ID`, `From_Date`, `To_Date`, `Price`, `Timestamp`) VALUES
(3, 11, '2019', '2019', 0, '2021-01-04 08:58:51');

-- --------------------------------------------------------

--
-- Table structure for table `Countries`
--

CREATE TABLE `Countries` (
  `Country_ID` smallint(6) NOT NULL,
  `Country_Name` varchar(50) COLLATE utf8mb4_unicode_ci DEFAULT NULL
) ENGINE=InnoDB DEFAULT CHARSET=utf8mb4 COLLATE=utf8mb4_unicode_ci;

--
-- Dumping data for table `Countries`
--

INSERT INTO `Countries` (`Country_ID`, `Country_Name`) VALUES
(1, 'Greece'),
(2, 'Spain'),
(3, 'Italy');

-- --------------------------------------------------------

--
-- Table structure for table `Islands`
--

CREATE TABLE `Islands` (
  `Island_ID` smallint(6) NOT NULL,
  `Island_Name` varchar(50) COLLATE utf8mb4_unicode_ci DEFAULT NULL,
  `Region_ID` smallint(6) DEFAULT NULL
) ENGINE=InnoDB DEFAULT CHARSET=utf8mb4 COLLATE=utf8mb4_unicode_ci;

--
-- Dumping data for table `Islands`
--

INSERT INTO `Islands` (`Island_ID`, `Island_Name`, `Region_ID`) VALUES
(1, 'Corfu', 1),
(2, 'Lefkada', 2),
(3, 'Crete', 3),
(4, 'Costa Del Sol', 4),
(5, 'Lanzarote', 5),
(6, 'Mallorca', 6),
(7, 'Sicily', 7),
(8, 'Tuscany', 8);

-- --------------------------------------------------------

--
-- Table structure for table `Person`
--

CREATE TABLE `Person` (
  `Person_ID` smallint(6) NOT NULL,
  `Name` varchar(50) COLLATE utf8mb4_unicode_ci DEFAULT NULL,
  `Email` varchar(50) COLLATE utf8mb4_unicode_ci NOT NULL,
  `Password` varchar(50) COLLATE utf8mb4_unicode_ci DEFAULT NULL,
  `Admin` tinyint(4) DEFAULT NULL
) ENGINE=InnoDB DEFAULT CHARSET=utf8mb4 COLLATE=utf8mb4_unicode_ci;

--
-- Dumping data for table `Person`
--

INSERT INTO `Person` (`Person_ID`, `Name`, `Email`, `Password`, `Admin`) VALUES
(1, 'admin', 'admin@admin.com', '21232f297a57a5a743894a0e4a801fc3', 1),
(2, 'user', 'user@user.com', 'ee11cbb19052e40b07aac0ca060c23ee', NULL),
(3, 'kristijan', 'kristijannds@gmail.com', '5a320afe14e2cbfd6703e05ccab5e704', NULL);

-- --------------------------------------------------------

--
-- Table structure for table `Pool_Types`
--

CREATE TABLE `Pool_Types` (
  `Pool_Type_ID` smallint(6) NOT NULL,
  `Pool_Type_String` varchar(50) COLLATE utf8mb4_unicode_ci DEFAULT NULL
) ENGINE=InnoDB DEFAULT CHARSET=utf8mb4 COLLATE=utf8mb4_unicode_ci;

--
-- Dumping data for table `Pool_Types`
--

INSERT INTO `Pool_Types` (`Pool_Type_ID`, `Pool_Type_String`) VALUES
(1, 'No pool'),
(2, 'Shared pool'),
(3, 'Private pool');

-- --------------------------------------------------------

--
-- Table structure for table `Prices`
--

CREATE TABLE `Prices` (
  `Prop_ID` smallint(6) NOT NULL,
  `From_Date` varchar(10) CHARACTER SET utf8 NOT NULL,
  `To_Date` varchar(10) CHARACTER SET utf8 DEFAULT NULL,
  `Price` smallint(6) DEFAULT NULL
) ENGINE=InnoDB DEFAULT CHARSET=utf8mb4 COLLATE=utf8mb4_unicode_ci;

--
-- Dumping data for table `Prices`
--

INSERT INTO `Prices` (`Prop_ID`, `From_Date`, `To_Date`, `Price`) VALUES
(1, '2019-11-24', '2019-11-30', 180),
(1, '2019-12-01', '2020-12-31', 260),
(2, '2019-11-24', '2019-11-30', 250),
(2, '2019-12-01', '2020-12-31', 190),
(3, '2019-11-24', '2019-11-30', 600),
(3, '2019-12-01', '2020-12-31', 500),
(4, '2019-11-24', '2019-11-30', 800),
(4, '2019-12-01', '2020-12-31', 1200),
(8, '2019-11-24', '2019-11-30', 150),
(8, '2019-12-01', '2019-30-11', 250),
(9, '2019-11-24', '2019-11-30', 80),
(9, '2019-12-01', '2019-30-11', 100),
(10, '2019-11-24', '2019-11-30', 400),
(10, '2019-12-01', '2019-30-11', 650),
(11, '2019-11-24', '2019-11-30', 250),
(11, '2019-12-01', '2019-30-11', 350);

-- --------------------------------------------------------

--
-- Table structure for table `Properties`
--

CREATE TABLE `Properties` (
  `Prop_ID` smallint(6) NOT NULL,
  `Prop_Name` varchar(250) COLLATE utf8mb4_unicode_ci DEFAULT NULL,
  `Location` varchar(50) COLLATE utf8mb4_unicode_ci DEFAULT NULL,
  `Max_Pax` smallint(6) DEFAULT NULL,
  `Adults` smallint(6) DEFAULT NULL,
  `Children` smallint(6) DEFAULT NULL,
  `Bathrooms` smallint(6) DEFAULT NULL,
  `Bedrooms` smallint(6) DEFAULT NULL,
  `Pool_Type_ID` smallint(6) DEFAULT NULL,
  `Island_ID` smallint(6) DEFAULT NULL,
  `Archived` tinyint(4) DEFAULT NULL
) ENGINE=InnoDB DEFAULT CHARSET=utf8mb4 COLLATE=utf8mb4_unicode_ci;

--
-- Dumping data for table `Properties`
--

INSERT INTO `Properties` (`Prop_ID`, `Prop_Name`, `Location`, `Max_Pax`, `Adults`, `Children`, `Bathrooms`, `Bedrooms`, `Pool_Type_ID`, `Island_ID`, `Archived`) VALUES
(1, 'Villa Ramos Dos', 'Puerto Calero', 3, 2, 1, 1, 1, 1, 5, NULL),
(2, 'Villa Votsalo', 'Desimi', 10, 8, 2, 5, 5, 2, 2, NULL),
(3, 'Bougainvillea', 'Loustri', 5, 5, 0, 2, 2, 2, 1, NULL),
(4, 'Villa Pepe', 'Playa Blanca', 8, 6, 2, 5, 5, 2, 4, NULL),
(8, 'Villa Annunziata', 'Donnalucata', 3, 2, 1, 1, 1, 1, 7, NULL),
(9, 'Villa Moderna', 'Borgo San Lorenzo', 4, 2, 2, 1, 1, 2, 8, NULL),
(10, 'Villa Tzina', 'Tavronitis', 8, 8, 0, 3, 3, 1, 3, NULL),
(11, 'Villa Francisco', 'Pollensa', 2, 2, 0, 1, 1, 1, 6, NULL);

-- --------------------------------------------------------

--
-- Table structure for table `Prop_Amenities`
--

CREATE TABLE `Prop_Amenities` (
  `Prop_ID` smallint(6) NOT NULL,
  `Amenity_ID` smallint(6) NOT NULL
) ENGINE=InnoDB DEFAULT CHARSET=utf8mb4 COLLATE=utf8mb4_unicode_ci;

--
-- Dumping data for table `Prop_Amenities`
--

INSERT INTO `Prop_Amenities` (`Prop_ID`, `Amenity_ID`) VALUES
(1, 1),
(1, 3),
(1, 8),
(1, 9),
(1, 11),
(1, 12),
(2, 5),
(2, 6),
(2, 9),
(3, 1),
(3, 2),
(3, 3),
(3, 4),
(3, 5),
(3, 9),
(3, 12),
(4, 3),
(4, 5),
(4, 8),
(4, 10),
(4, 12),
(8, 4),
(8, 7),
(8, 9),
(8, 10),
(8, 11),
(8, 12),
(9, 5),
(9, 9),
(9, 10),
(10, 3),
(10, 4),
(10, 7),
(10, 8),
(10, 10),
(11, 1),
(11, 4),
(11, 5),
(11, 6),
(11, 7),
(11, 8),
(11, 11);

-- --------------------------------------------------------

--
-- Table structure for table `Regions`
--

CREATE TABLE `Regions` (
  `Region_ID` smallint(6) NOT NULL,
  `Region_Name` varchar(50) COLLATE utf8mb4_unicode_ci DEFAULT NULL,
  `Country_ID` smallint(6) DEFAULT NULL
) ENGINE=InnoDB DEFAULT CHARSET=utf8mb4 COLLATE=utf8mb4_unicode_ci;

--
-- Dumping data for table `Regions`
--

INSERT INTO `Regions` (`Region_ID`, `Region_Name`, `Country_ID`) VALUES
(1, 'Corfu', 1),
(2, 'Lefkada', 1),
(3, 'Crete', 1),
(4, 'Costa Del Sol', 2),
(5, 'Lanzarote', 2),
(6, 'Mallorca', 2),
(7, 'Sicily', 3),
(8, 'Tuscany', 3);

--
-- Indexes for dumped tables
--

--
-- Indexes for table `Amenities`
--
ALTER TABLE `Amenities`
  ADD PRIMARY KEY (`Amenity_ID`),
  ADD UNIQUE KEY `Amenity_ID` (`Amenity_ID`);

--
-- Indexes for table `Availability`
--
ALTER TABLE `Availability`
  ADD PRIMARY KEY (`Prop_ID`,`Year`),
  ADD UNIQUE KEY `Prop_ID` (`Prop_ID`,`Year`);

--
-- Indexes for table `Bookings`
--
ALTER TABLE `Bookings`
  ADD PRIMARY KEY (`Person_ID`,`Prop_ID`),
  ADD UNIQUE KEY `Person_ID` (`Person_ID`,`Prop_ID`),
  ADD KEY `Prop_ID` (`Prop_ID`);

--
-- Indexes for table `Countries`
--
ALTER TABLE `Countries`
  ADD PRIMARY KEY (`Country_ID`),
  ADD UNIQUE KEY `Country_ID` (`Country_ID`);

--
-- Indexes for table `Islands`
--
ALTER TABLE `Islands`
  ADD PRIMARY KEY (`Island_ID`),
  ADD UNIQUE KEY `Island_ID` (`Island_ID`),
  ADD KEY `Region_ID` (`Region_ID`);

--
-- Indexes for table `Person`
--
ALTER TABLE `Person`
  ADD PRIMARY KEY (`Person_ID`),
  ADD UNIQUE KEY `Person_ID` (`Person_ID`);

--
-- Indexes for table `Pool_Types`
--
ALTER TABLE `Pool_Types`
  ADD PRIMARY KEY (`Pool_Type_ID`),
  ADD UNIQUE KEY `Pool_Type_ID` (`Pool_Type_ID`);

--
-- Indexes for table `Prices`
--
ALTER TABLE `Prices`
  ADD PRIMARY KEY (`Prop_ID`,`From_Date`),
  ADD UNIQUE KEY `Prop_ID` (`Prop_ID`,`From_Date`);

--
-- Indexes for table `Properties`
--
ALTER TABLE `Properties`
  ADD PRIMARY KEY (`Prop_ID`),
  ADD UNIQUE KEY `Prop_ID` (`Prop_ID`),
  ADD KEY `Pool_Type_ID` (`Pool_Type_ID`),
  ADD KEY `Island_ID` (`Island_ID`);

--
-- Indexes for table `Prop_Amenities`
--
ALTER TABLE `Prop_Amenities`
  ADD PRIMARY KEY (`Prop_ID`,`Amenity_ID`),
  ADD KEY `Amenity_ID` (`Amenity_ID`);

--
-- Indexes for table `Regions`
--
ALTER TABLE `Regions`
  ADD PRIMARY KEY (`Region_ID`),
  ADD UNIQUE KEY `Region_ID` (`Region_ID`),
  ADD KEY `Country_ID` (`Country_ID`);

--
-- AUTO_INCREMENT for dumped tables
--

--
-- AUTO_INCREMENT for table `Amenities`
--
ALTER TABLE `Amenities`
  MODIFY `Amenity_ID` smallint(6) NOT NULL AUTO_INCREMENT, AUTO_INCREMENT=14;

--
-- AUTO_INCREMENT for table `Countries`
--
ALTER TABLE `Countries`
  MODIFY `Country_ID` smallint(6) NOT NULL AUTO_INCREMENT, AUTO_INCREMENT=4;

--
-- AUTO_INCREMENT for table `Islands`
--
ALTER TABLE `Islands`
  MODIFY `Island_ID` smallint(6) NOT NULL AUTO_INCREMENT, AUTO_INCREMENT=9;

--
-- AUTO_INCREMENT for table `Person`
--
ALTER TABLE `Person`
  MODIFY `Person_ID` smallint(6) NOT NULL AUTO_INCREMENT, AUTO_INCREMENT=4;

--
-- AUTO_INCREMENT for table `Pool_Types`
--
ALTER TABLE `Pool_Types`
  MODIFY `Pool_Type_ID` smallint(6) NOT NULL AUTO_INCREMENT, AUTO_INCREMENT=4;

--
-- AUTO_INCREMENT for table `Properties`
--
ALTER TABLE `Properties`
  MODIFY `Prop_ID` smallint(6) NOT NULL AUTO_INCREMENT, AUTO_INCREMENT=12;

--
-- AUTO_INCREMENT for table `Regions`
--
ALTER TABLE `Regions`
  MODIFY `Region_ID` smallint(6) NOT NULL AUTO_INCREMENT, AUTO_INCREMENT=9;

--
-- Constraints for dumped tables
--

--
-- Constraints for table `Bookings`
--
ALTER TABLE `Bookings`
  ADD CONSTRAINT `Bookings_ibfk_1` FOREIGN KEY (`Person_ID`) REFERENCES `Person` (`Person_ID`),
  ADD CONSTRAINT `Bookings_ibfk_2` FOREIGN KEY (`Prop_ID`) REFERENCES `Properties` (`Prop_ID`);

--
-- Constraints for table `Islands`
--
ALTER TABLE `Islands`
  ADD CONSTRAINT `Islands_ibfk_1` FOREIGN KEY (`Region_ID`) REFERENCES `Regions` (`Region_ID`);

--
-- Constraints for table `Prices`
--
ALTER TABLE `Prices`
  ADD CONSTRAINT `Prices_ibfk_1` FOREIGN KEY (`Prop_ID`) REFERENCES `Properties` (`Prop_ID`);

--
-- Constraints for table `Properties`
--
ALTER TABLE `Properties`
  ADD CONSTRAINT `Properties_ibfk_1` FOREIGN KEY (`Pool_Type_ID`) REFERENCES `Pool_Types` (`Pool_Type_ID`),
  ADD CONSTRAINT `Properties_ibfk_2` FOREIGN KEY (`Island_ID`) REFERENCES `Islands` (`Island_ID`);

--
-- Constraints for table `Prop_Amenities`
--
ALTER TABLE `Prop_Amenities`
  ADD CONSTRAINT `Prop_Amenities_ibfk_1` FOREIGN KEY (`Amenity_ID`) REFERENCES `Amenities` (`Amenity_ID`),
  ADD CONSTRAINT `Prop_Amenities_ibfk_2` FOREIGN KEY (`Prop_ID`) REFERENCES `Properties` (`Prop_ID`);

--
-- Constraints for table `Regions`
--
ALTER TABLE `Regions`
  ADD CONSTRAINT `Regions_ibfk_1` FOREIGN KEY (`Country_ID`) REFERENCES `Countries` (`Country_ID`);
COMMIT;

/*!40101 SET CHARACTER_SET_CLIENT=@OLD_CHARACTER_SET_CLIENT */;
/*!40101 SET CHARACTER_SET_RESULTS=@OLD_CHARACTER_SET_RESULTS */;
/*!40101 SET COLLATION_CONNECTION=@OLD_COLLATION_CONNECTION */;
